﻿Designator,Quantity,Value,Footprint,Package,MPN,DNP,Mount_Type,Description,Sim.Device,Sim.Pins,MF,MAXIMUM_PACKAGE_HEIGHT,Price,Check_prices,STANDARD,PARTREV,SnapEDA_Link,MP,Description_1,Availability,MANUFACTURER
BZ1,1,Buzzer,Buzzer_12x9.5RM7.6,,,,tht,"Buzzer, polarized",,,,,,,,,,,,,
D1,1,1N4148,D_DO-35_SOD27_P7.62mm_Horizontal,,,,tht,"100V 0.15A standard switching diode, DO-35",D,1=K 2=A,,,,,,,,,,,
"D2, D3",2,LED,LED_D3.0mm,,,,tht,Light emitting diode,,1=K 2=A,,,,,,,,,,,
Q1,1,2N2222,TO127P584H533-3,None,,,tht,,,,ON Semiconductor,5.33 mm,None,https://www.snapeda.com/parts/2N2222/Onsemi/view-part/?ref=eda,IPC 7351B,R2,https://www.snapeda.com/parts/2N2222/Onsemi/view-part/?ref=snap,2N2222,Bipolar (BJT) Transistor NPN 50V 800mA  300mW Surface Mount Ceramic SMD,In Stock,Micross
R1,1,1k,R_Axial_DIN0207_L6.3mm_D2.5mm_P7.62mm_Horizontal,,,,tht,Resistor,,,,,,,,,,,,,
"R3, R4",2,220,R_Axial_DIN0207_L6.3mm_D2.5mm_P7.62mm_Horizontal,,,,tht,Resistor,,,,,,,,,,,,,
U2,1,Sensor MQ5,MQ5,,,,smt,,,,,,,,,,,,,,
U3,1,ESP32DevKitv1,ESP32DevKitv1,,,,tht,ESP32 DevKit v1,,,,,,,,,,,,,
