﻿pos_x,pos_y,rotation,side,designator,mpn,pack,footprint,value,mount_type
49.54,-38.1,0.0,top,BZ1,,,Buzzer_12x9.5RM7.6,Buzzer,tht
41.91,-33.02,180.0,top,D1,,,D_DO-35_SOD27_P7.62mm_Horizontal,1N4148,tht
93.345,-33.655,180.0,top,D2,,,LED_D3.0mm,LED,tht
93.345,-46.99,180.0,top,D3,,,LED_D3.0mm,LED,tht
35.56,-43.18,90.0,top,Q1,,None,TO127P584H533-3,2N2222,tht
33.655,-50.8,0.0,top,R1,,,R_Axial_DIN0207_L6.3mm_D2.5mm_P7.62mm_Horizontal,1k,tht
80.01,-33.655,0.0,top,R3,,,R_Axial_DIN0207_L6.3mm_D2.5mm_P7.62mm_Horizontal,220,tht
80.01,-46.99,0.0,top,R4,,,R_Axial_DIN0207_L6.3mm_D2.5mm_P7.62mm_Horizontal,220,tht
66.04,-40.64,90.0,top,U2,,,MQ5,Sensor MQ5,smt
62.96,-69.85,0.0,top,U3,,,ESP32DevKitv1,ESP32DevKitv1,tht
